Option Name,score,Rent,100,Size (SqFt),100,Duration (mins),100,Notes,90,One Time Fees,5,Address,2,Contact,1,Distance,0,Images,0,modifier
[214 E 51st St Unit 1L](https://www.apartments.com/214-e-51st-st-new-york-ny-unit-1l/ct5p7mg/),100,"$2,150 ",97,650,93,11,96,"* Junior 1 BR * Elevator* Separate kitchen?* Dishwasher",5,,0,"[214 E 51st St, New York, NY 10022](https://www.google.com/maps/dir/731+Lexington+Ave,+New+York,+NY+10022/214+E+51st+St,+New+York,+NY+10022/data=!4m2!4m1!3e2)",0,"To view this apartment or for your apartment needs, call/email/text Nick: 631-256-4479",0,0.5 mi,0,![Primary Photo - 214 E 51st St](https://images1.apartments.com/i2/tQJoTEDwO8CgJyHqY29ejbK-N_2s4Q6Hq6_I09bypsQ/110/214-e-51st-st-unit-1l-new-york-ny-primary-photo.jpg) ![Building Photo - 214 E 51st St](https://images1.apartments.com/i2/oyYS3BdNUbQ0TyclJ2VtdLA3SFsNbbTCoNCiaD-UXI4/118/214-e-51st-st-unit-1l-new-york-ny-building-photo.jpg) ![Building Photo - 214 E 51st St](https://images1.apartments.com/i2/eRCpmoRphO2YBvCGgdZ5_qb9CpPHQVKbBlfWy_qHxho/118/214-e-51st-st-unit-1l-new-york-ny-building-photo.jpg) ![Building Photo - 214 E 51st St](https://images1.apartments.com/i2/WJ0xMNFMHzQ4ooUKCvQUu0N-sceXDm7y1Q48IjdbTQE/118/214-e-51st-st-unit-1l-new-york-ny-building-photo.jpg) ,0,0
[145 E 72nd St Unit 4F](https://www.apartments.com/145-e-72nd-st-new-york-ny-unit-4f/g0h1gsy/),97.6,"$2,250 ",96,600,90,14,93,"* 3 flight walk up* Decorative fireplace",5,,0,"[145 E 72nd St, New York, NY 10021](https://www.google.com/maps/dir/731+Lexington+Ave,+New+York,+NY+10022/145+E+72nd+St,+New+York,+NY+10021/data=!4m2!4m1!3e2)",0,844-256-9168,0,0.7 mi,0,![Primary Photo - 145 E 72nd St](https://images1.apartments.com/i2/1VfmKxu4GG94KurJSND9sqXaU1w2sl5XgLxCgFCEKh4/110/145-e-72nd-st-unit-4f-new-york-ny-primary-photo.jpg) ![Building Photo - 145 E 72nd St](https://images1.apartments.com/i2/cmXflXvFvXNlDNFz0bdw2Fvfk4Fqa-gZ7b1bVdMhcQk/118/145-e-72nd-st-unit-4f-new-york-ny-building-photo.jpg) ![Building Photo - 145 E 72nd St](https://images1.apartments.com/i2/0k3LsdcTYU3s7UBl5Dedl1cKEaXdqJYN4LA1XEDj6OU/118/145-e-72nd-st-unit-4f-new-york-ny-building-photo.jpg) ![Building Photo - 145 E 72nd St](https://images1.apartments.com/i2/_jCvm1PHqWimgcMXYNhJV5pTFsLv9mkurblREWBMT3c/118/145-e-72nd-st-unit-4f-new-york-ny-building-photo.jpg) ,0,0
[245 E 72nd St](https://www.apartments.com/245-e-72nd-st-new-york-ny/02rhmb2/),97.6,"$2,325 ",94,700,95,17,90,"* Elevator* Double-check address: says WEST side in description",5,,0,"[245 E 72nd St, New York, NY 10021](https://www.google.com/maps/dir/731+Lexington+Ave,+New+York,+NY+10022/245+E+72nd+St,+New+York,+NY+10021/data=!4m2!4m1!3e2)",0,646-679-1200,0,0.8 mi,0,![Primary Photo - 245 E 72nd St](https://images1.apartments.com/i2/FWClqIPJsTDXXyOI_kTwANaUB7Me3_hjhkLkUgVx-3w/110/245-e-72nd-st-new-york-ny-primary-photo.jpg) ![Building Photo - 245 E 72nd St](https://images1.apartments.com/i2/Wneda51KxnkyKm3k9E5GELARYIg0fnYEAn6kJCdO-as/118/245-e-72nd-st-new-york-ny-building-photo.jpg) ![Building Photo - 245 E 72nd St](https://images1.apartments.com/i2/1rKNz8Mx9skK4FDmmzuqbdhWC9AitJ6G3DubWmLH1a8/118/245-e-72nd-st-new-york-ny-building-photo.jpg) ![Building Photo - 245 E 72nd St](https://images1.apartments.com/i2/NlV9gxqvJZ6YRaIRiQH8x03wMjk5Qbo36gbj50qql6Q/118/245-e-72nd-st-new-york-ny-building-photo.jpg) ![Building Photo - 245 E 72nd St](https://images1.apartments.com/i2/S97l78rLZ4CKhZ-Q2eMabyTUbE3PQPl2FmDJJV6QXX8/118/245-e-72nd-st-new-york-ny-building-photo.jpg) ![Building Photo - 245 E 72nd St](https://images1.apartments.com/i2/LrRm2CjtE5UT_HxC4O7ORUmt3Zab7vr-vfts-X2Fd-Q/118/245-e-72nd-st-new-york-ny-building-photo.jpg) ![Building Photo - 245 E 72nd St](https://images1.apartments.com/i2/uj5coHeIr4RAyQcM2N7n9sJ3xcPJHiigbWbjcvkIemI/118/245-e-72nd-st-new-york-ny-building-photo.jpg) ,0,0
[320 E 35th St Unit 51](https://www.apartments.com/320-e-35th-st-new-york-ny-unit-51/5bwrmmq/),95.9,"$2,100 ",97,880,100,30,77,"* Dishwasher* Really tiny kitchen: stove?* Rent is NET EFFECTIVE!",5,,0,"[320 E 35th St, New York, NY 10016](https://www.google.com/maps/dir/731+Lexington+Ave,+New+York,+NY+10022/320+E+35th+St,+New+York,+NY+10016/data=!4m2!4m1!3e2)",0,,0,1.5 mi,0,![Primary Photo - 320 E 35th St](https://images1.apartments.com/i2/KV3cpzB8N5DHveUqKjNfFZl6AB_ovjuE1C3llzy4NuI/110/320-e-35th-st-unit-51-new-york-ny-primary-photo.jpg) ![Building Photo - 320 E 35th St](https://images1.apartments.com/i2/mSTsK7c50WbEWOX9fkU9SsIpjAE3K3N90VL82yGqRIY/118/320-e-35th-st-unit-51-new-york-ny-building-photo.jpg) ![Building Photo - 320 E 35th St](https://images1.apartments.com/i2/_p7E_vo3nZLOuEf_qdNufvF3azpJuulTrqZzQJJ62rQ/118/320-e-35th-st-unit-51-new-york-ny-building-photo.jpg) ![Building Photo - 320 E 35th St](https://images1.apartments.com/i2/_VKS8HDEtuBpx3-BVBKdYCtDbvIoBXFSL5_6GMXFkGA/118/320-e-35th-st-unit-51-new-york-ny-building-photo.jpg) ,0,0
[325 E 74th St Unit 3C](https://www.apartments.com/325-e-74th-st-new-york-ny-unit-3c/fqvgm4v/),95.2,"$2,425 ",93,650,93,21,86,?,5,,0,"[325 E 74th St, New York, NY 10021](https://www.google.com/maps/dir/731+Lexington+Ave,+New+York,+NY+10022/325+E+74th+St,+New+York,+NY+10021/data=!4m2!4m1!3e2)",0,844-835-0486,0,1.0 mi,0,![Primary Photo - 325 E 74th St](https://images1.apartments.com/i2/X5NFuvbvn3K676JHjipBCAS8LhXuqwqcMaZ4YnvXMmw/110/325-e-74th-st-unit-3c-new-york-ny-primary-photo.jpg) ![Building Photo - 325 E 74th St](https://images1.apartments.com/i2/pAvgG0BRcLax2Sc2nxnv91OeMiPXuTBuCrGxks5_1iE/118/325-e-74th-st-unit-3c-new-york-ny-building-photo.jpg) ![Building Photo - 325 E 74th St](https://images1.apartments.com/i2/Q7W5-W01ghmVS26XnI13O8K4WeXTYVKEXXyuwk2sOLA/118/325-e-74th-st-unit-3c-new-york-ny-building-photo.jpg) ![Building Photo - 325 E 74th St](https://images1.apartments.com/i2/qX2XK5SyN8Q1gzbO5Xm4FwFQxbii0I64i04xZigO5Ho/118/325-e-74th-st-unit-3c-new-york-ny-building-photo.jpg) ,0,0
[271 E 78th St Unit 4](https://www.apartments.com/271-e-78th-st-new-york-ny-unit-4/mpky4wk/),95.2,"$2,395 ",93,700,95,23,84,?,5,,0,"[271 E 78th St, New York, NY 10075](https://www.google.com/maps/dir/731+Lexington+Ave,+New+York,+NY+10022/271+E+78th+St,+New+York,+NY+10075/data=!4m2!4m1!3e2)",0,844-314-5867,0,1.1 mi,0,![Primary Photo - 271 E 78th St](https://images1.apartments.com/i2/eeXrlH_O7XU7uoHsnhFxVzzxpmLFpN3hXjL3avkHxmk/110/271-e-78th-st-unit-4-new-york-ny-primary-photo.jpg) ![Building Photo - 271 E 78th St](https://images1.apartments.com/i2/t1ZUFdRw_2g_D4ZfCneZJdeLKVosgxWDpKGy95GBii0/118/271-e-78th-st-unit-4-new-york-ny-building-photo.jpg) ![Building Photo - 271 E 78th St](https://images1.apartments.com/i2/MRHhb6e6Q2A_09dT99pKQmtHkjWGfX49BsHEvkarf9k/118/271-e-78th-st-unit-4-new-york-ny-building-photo.jpg) ![Building Photo - 271 E 78th St](https://images1.apartments.com/i2/UxQRiJ3V4DCucjCGaJN6868eH3aOreOCktnh1dr277s/118/271-e-78th-st-unit-4-new-york-ny-building-photo.jpg) ![Building Photo - 271 E 78th St](https://images1.apartments.com/i2/bOGwm-uO-dz2U2SfPBk4FuHLOc5ISuEMvlxpiVLi68o/118/271-e-78th-st-unit-4-new-york-ny-building-photo.jpg) ,0,0
[342 E 76th St](https://www.apartments.com/342-e-76th-st-new-york-ny/v8n6d2f/),94.1,"$2,450 ",92,650,93,23,84,?,5,,0,"[342 E 76th St, New York, NY 10021](https://www.google.com/maps/dir/731+Lexington+Ave,+New+York,+NY+10022/342+E+76th+St,+New+York,+NY+10021/data=!4m2!4m1!3e2)",0,844-517-7322,0,1.1 mi,0,![Primary Photo - 342 E 76th St](https://images1.apartments.com/i2/fBd1RghfO2PQRJlLdLeoov0PJm4L2itickMX3NN5DmQ/110/342-e-76th-st-new-york-ny-primary-photo.jpg) ![Building Photo - 342 E 76th St](https://images1.apartments.com/i2/P66Tb3zEXO4MFNH0SSoYKQrX1cT5VCEiAGWNS-pvsj0/118/342-e-76th-st-new-york-ny-building-photo.jpg) ![Building Photo - 342 E 76th St](https://images1.apartments.com/i2/yXpyXLDjPgZDM9f9eK6x5uY23c0N4H80P8kVXXnp9Zc/118/342-e-76th-st-new-york-ny-building-photo.jpg) ![Building Photo - 342 E 76th St](https://images1.apartments.com/i2/iP_WEffV2NTuyNV1Llib2mF4ZTpx4jX1n3P3otQUugo/118/342-e-76th-st-new-york-ny-building-photo.jpg) ,0,0
[334 E 35th St](https://www.apartments.com/334-e-35th-st-new-york-ny/qdhcpjz/),93.4,"$2,295 ",95,700,95,30,77,?,5,,0,"[334 E 35th St, New York, NY 10016](https://www.google.com/maps/dir/731+Lexington+Ave,+New+York,+NY+10022/334+E+35th+St,+New+York,+NY+10016/data=!4m2!4m1!3e2)",0,844-323-1151,0,1.5 mi,0,![Primary Photo - 334 E 35th St](https://images1.apartments.com/i2/ey_aT0whLmSGIXtqk1yYAAEwZp9YPASQCO32BBtncPQ/110/334-e-35th-st-new-york-ny-primary-photo.jpg) ![Building Photo - 334 E 35th St](https://images1.apartments.com/i2/X-WVrzb-K791l1ei0zakiOVMluNA7c_YLPNh7-bnWJg/118/334-e-35th-st-new-york-ny-building-photo.jpg) ![Building Photo - 334 E 35th St](https://images1.apartments.com/i2/wwcLXjM4dsfJPSU22tOO9OjMZ739C0Zk5ruUrCPRCsE/118/334-e-35th-st-new-york-ny-building-photo.jpg) ![Building Photo - 334 E 35th St](https://images1.apartments.com/i2/1Ire5VckgnHTWiny1uqe3wxckEMlqA8KM6S4PS1GRIM/118/334-e-35th-st-new-york-ny-building-photo.jpg) ![Building Photo - 334 E 35th St](https://images1.apartments.com/i2/ONfvJaBeUcDFWi3O3cgNRgjFt9MFfZN3dgRBr-OYMU8/118/334-e-35th-st-new-york-ny-building-photo.jpg) ,0,0
[242 E 75th St Unit 1B](https://www.apartments.com/242-e-75th-st-new-york-ny-unit-1b/gcd13ry/),92.1,"$2,200 ",96,500,80,20,87,?,5,,0,"[242 E 75th St, New York, NY 10021](https://www.google.com/maps/dir/731+Lexington+Ave,+New+York,+NY+10022/242+E+75th+St,+New+York,+NY+10021/data=!4m2!4m1!3e2)",0,212-574-4658,0,1.0 mi,0,![Primary Photo - 242 E 75th St](https://images1.apartments.com/i2/eRWAKE7I2_kH7UlOBMo5l0ejHdS9SICwIGQ16DGFRBo/110/242-e-75th-st-unit-1b-new-york-ny-primary-photo.jpg) ![Building Photo - 242 E 75th St](https://images1.apartments.com/i2/tLHs4r1E6IJmZGzS0wkhytRlWAnvuYgOAiv1VV7WeUM/118/242-e-75th-st-unit-1b-new-york-ny-building-photo.jpg) ![Building Photo - 242 E 75th St](https://images1.apartments.com/i2/XI9muQe5iBOo8cQ4MxLvWl4PzsgGbnh95xKpHbTZHiM/118/242-e-75th-st-unit-1b-new-york-ny-building-photo.jpg) ![Building Photo - 242 E 75th St](https://images1.apartments.com/i2/Om8541kjPH_wiXNRpKqMuf6VQJfF5iIfak7BhjSmnS4/118/242-e-75th-st-unit-1b-new-york-ny-building-photo.jpg) ,0,0
[36 W 75th St Unit 4B](https://www.apartments.com/36-w-75th-st-new-york-ny-unit-4b/ydebpdr/),91.7,"$2,250 ",96,580,90,31,76,?,5,,0,"[36 W 75th St, New York, NY 10023](https://www.google.com/maps/dir/731+Lexington+Ave,+New+York,+NY+10022/36+W+75th+St,+New+York,+NY+10023/data=!4m2!4m1!3e2)",0,844-830-3297,0,1.5 mi,0,![Primary Photo - 36 W 75th St](https://images1.apartments.com/i2/doUZm-Z8H9JETBKfj3DlInswOo0n_CzJ1uJ3WmM546w/110/36-w-75th-st-unit-4b-new-york-ny-primary-photo.jpg) ![Building Photo - 36 W 75th St](https://images1.apartments.com/i2/GsAXlxWFEsTO4-Y9tKYE3vjpHgSxHJU1YGbnDMeTDg0/118/36-w-75th-st-unit-4b-new-york-ny-building-photo.jpg) ![Building Photo - 36 W 75th St](https://images1.apartments.com/i2/VVV72B8MXol8xDyXODpncHS5tSN27JBcaPY77hzpE6o/118/36-w-75th-st-unit-4b-new-york-ny-building-photo.jpg) ![Building Photo - 36 W 75th St](https://images1.apartments.com/i2/Xv88WTfMCmn1f0DzHA8RTTFN4Fo8HfXv0I6LcWZx1vI/118/36-w-75th-st-unit-4b-new-york-ny-building-photo.jpg) ![Building Photo - 36 W 75th St](https://images1.apartments.com/i2/oOU1lRB2v-3HLvRwSUncHHcWkbu8wqwopobF7Nym5bU/118/36-w-75th-st-unit-4b-new-york-ny-building-photo.jpg) ![Building Photo - 36 W 75th St](https://images1.apartments.com/i2/CGFEeUtOqGhqP7joyknyVcAjlZdvbQlsQ6iUf4TmL-8/118/36-w-75th-st-unit-4b-new-york-ny-building-photo.jpg) ,0,0
[265 E 78th St](https://www.apartments.com/265-e-78th-st-new-york-ny/th3b2s8/),91,"$2,250 ",96,500,80,23,84,?,5,,0,"[265 E 78th St, New York, NY 10075](https://www.google.com/maps/dir/731+Lexington+Ave,+New+York,+NY+10022/265+E+78th+St,+New+York,+NY+10075/data=!4m2!4m1!3e2)",0,844-256-1122,0,1.1 mi,0,![Primary Photo - 265 E 78th St](https://images1.apartments.com/i2/nFv3aFkB47qAkNB8fOQxpiyTqg7kr0OE1rREekPFEJQ/110/265-e-78th-st-new-york-ny-primary-photo.jpg) ![Building Photo - 265 E 78th St](https://images1.apartments.com/i2/v07M-sgBCmietoBkBGOhBlMRYfMRzfWgzXxJoW0X9YM/118/265-e-78th-st-new-york-ny-building-photo.jpg) ![Building Photo - 265 E 78th St](https://images1.apartments.com/i2/rcdEwQX2jZ-EFndAwxaGerVXGVvpKajlsX2rLNVqzo0/118/265-e-78th-st-new-york-ny-building-photo.jpg) ,0,0
[524 E 79th St](https://www.apartments.com/524-e-79th-st-new-york-ny/jqhd727/),90.7,"$1,825 ",99,550,85,32,75,?,5,,0,"[524 E 79th St, New York, NY 10075](https://www.google.com/maps/dir/731+Lexington+Ave,+New+York,+NY+10022/524+E+79th+St,+New+York,+NY+10075/data=!4m2!4m1!3e2)",0,844-430-4710,0,1.6 mi,0,![Primary Photo - 524 E 79th St](https://images1.apartments.com/i2/Ta4GnEIXH1CVeOLardCYXzW0td9pk0n-lPZyeeVMIVE/110/524-e-79th-st-new-york-ny-primary-photo.jpg) ![Building Photo - 524 E 79th St](https://images1.apartments.com/i2/UvWMm-I-irB8gQb2w829F98uR8_FQgxzFZxb99yZHms/118/524-e-79th-st-new-york-ny-building-photo.jpg) ![Building Photo - 524 E 79th St](https://images1.apartments.com/i2/Y_4yVMcwGx-gRa1bkiKyYzUU3mlMRwMtlK9yqu8CHQo/118/524-e-79th-st-new-york-ny-building-photo.jpg) ![Building Photo - 524 E 79th St](https://images1.apartments.com/i2/lvrkVM9log-q3vxzdVnxrIt2OvApOA6sohHoWoz1hcQ/118/524-e-79th-st-new-york-ny-building-photo.jpg) ,0,0
[533 E 81st St Unit 5B](https://www.apartments.com/533-e-81st-st-new-york-ny-unit-5b/mrmc9bl/),90.7,"$2,195 ",96,600,90,34,73,* Dishwasher,5,,0,"[533 E 81st St, New York, NY 10028](https://www.google.com/maps/dir/731+Lexington+Ave,+New+York,+NY+10022/533+E+81st+St,+New+York,+NY+10028/data=!4m2!4m1!3e2)",0,612-405-5026,0,1.7 mi,0,![Primary Photo - 533 E 81st St](https://images1.apartments.com/i2/LDlwEyvxgIC2_zsmBAfr4Z_Oth2fD0jVjvobDbnU710/110/533-e-81st-st-unit-5b-new-york-ny-primary-photo.jpg) ![Building Photo - 533 E 81st St](https://images1.apartments.com/i2/DSYzbqznXsNnFov1vKb2Y3WBw473FLO_K7c-UII8rFY/118/533-e-81st-st-unit-5b-new-york-ny-building-photo.jpg) ![Building Photo - 533 E 81st St](https://images1.apartments.com/i2/C5Zs7B5aSARdQlcy8B0lFgkEnSfRuDMkkTcPK60rn7w/118/533-e-81st-st-unit-5b-new-york-ny-building-photo.jpg) ![Building Photo - 533 E 81st St](https://images1.apartments.com/i2/yhcDJI30PYmCKt54lr20FAHKWt-jUc9Kx6SpAoqiAT8/118/533-e-81st-st-unit-5b-new-york-ny-building-photo.jpg) ![Building Photo - 533 E 81st St](https://images1.apartments.com/i2/Vm_i4pYOJ5ntgorDuMSovsez8X5ahJ3sIDAUzIEkcRM/118/533-e-81st-st-unit-5b-new-york-ny-building-photo.jpg) ,0,0
[240 E 38th St](https://www.apartments.com/240-e-38th-st-new-york-ny/0mtj3k0/),89.3,"$2,400 ",93,525,80,25,82,?,5,,0,"[240 E 38th St, New York, NY 10016](https://www.google.com/maps/dir/731+Lexington+Ave,+New+York,+NY+10022/240+E+38th+St,+New+York,+NY+10016/data=!4m2!4m1!3e2)",0,844-238-1385,0,1.3 mi,0,![living room - 240 E 38th St](https://images1.apartments.com/i2/F2DhoxVR901Rrhii2qFXobjbhT7cCriL-kzSpnZevKA/110/240-e-38th-st-new-york-ny-living-room.jpg) ![bedroom - 240 E 38th St](https://images1.apartments.com/i2/iqST-1uhPv4b2qJqVjorlxRH3p8vmK9y7Fj6ChGbjqw/118/240-e-38th-st-new-york-ny-bedroom.jpg) ![Building Photo - 240 E 38th St](https://images1.apartments.com/i2/5NW8Kv1T0HiMooXvLQvTMeIddje9P37bCU5I6ECVLCo/118/240-e-38th-st-new-york-ny-building-photo.jpg) ,0,0
[531 E 81st St Unit 2A](https://www.apartments.com/531-e-81st-st-new-york-ny-unit-2a/89s5sl0/),88.9,"$2,195 ",96,550,85,34,73,?,5,,0,"[531 E 81st St, New York, NY 10028](https://www.google.com/maps/dir/731+Lexington+Ave,+New+York,+NY+10022/531+E+81st+St,+New+York,+NY+10028/data=!4m2!4m1!3e2)",0,,0,1.7 mi,0,![Primary Photo - 531 E 81st St](https://images1.apartments.com/i2/lztjrj2n1xNTIof3sPa_sndYC0yqZdVPkWeKjbNz2Vk/110/531-e-81st-st-unit-2a-new-york-ny-primary-photo.jpg) ![Building Photo - 531 E 81st St](https://images1.apartments.com/i2/hwzwKhzbnih45X2JTCnjXlK3Eao5Y1Bjfq3JNtcqukw/118/531-e-81st-st-unit-2a-new-york-ny-building-photo.jpg) ![Building Photo - 531 E 81st St](https://images1.apartments.com/i2/bNM-AkEymoTl_c9GmAbPuACMjalBWD2jIHJgCMKTZWU/118/531-e-81st-st-unit-2a-new-york-ny-building-photo.jpg) ![Building Photo - 531 E 81st St](https://images1.apartments.com/i2/raGBkKAhEA7jw7hOFzJalEe0mayEtWzhvkGXTngs1zg/118/531-e-81st-st-unit-2a-new-york-ny-building-photo.jpg) ![Building Photo - 531 E 81st St](https://images1.apartments.com/i2/fZpvjhmG_039QiRDf84DHPCJgrX9M8ysAljKwHC5f68/118/531-e-81st-st-unit-2a-new-york-ny-building-photo.jpg) ,0,0
[529 E 81st St Unit 3A](https://www.apartments.com/529-e-81st-st-new-york-ny-unit-3a/q0wxr6w/),88.9,"$2,195 ",96,550,85,34,73,?,5,,0,"[529 E 81st St, New York, NY 10028](https://www.google.com/maps/dir/731+Lexington+Ave,+New+York,+NY+10022/529+E+81st+St,+New+York,+NY+10028/data=!4m2!4m1!3e2)",0,,0,1.7 mi,0,![Primary Photo - 529 E 81st St](https://images1.apartments.com/i2/vtkyYdhgmpVMGxP-A1lYBF34hb6TkaQTHdyV39tVQq8/110/529-e-81st-st-unit-3a-new-york-ny-primary-photo.jpg) ![Building Photo - 529 E 81st St](https://images1.apartments.com/i2/40zaSDX0gyVpboZnAP9p3E3bB5Eq-DgAUQq2GmCo1-0/118/529-e-81st-st-unit-3a-new-york-ny-building-photo.jpg) ![Building Photo - 529 E 81st St](https://images1.apartments.com/i2/jJ1w6rvAW4UDQsT8WMbw4j2npZzHUfU9RoCyqTLh4LA/118/529-e-81st-st-unit-3a-new-york-ny-building-photo.jpg) ![Building Photo - 529 E 81st St](https://images1.apartments.com/i2/zv4sX_gKy-KSXhzRpuECuxQUMj-tuBcFMNZmpL_AP3k/118/529-e-81st-st-unit-3a-new-york-ny-building-photo.jpg) ,0,0
[342 W 56th St Unit 2](https://www.apartments.com/342-w-56th-st-new-york-ny-unit-2/qyw8x2w/),88.3,"$2,100 ",97,400,70,22,85,?,5,,0,"[342 W 56th St, New York, NY 10019](https://www.google.com/maps/dir/731+Lexington+Ave,+New+York,+NY+10022/342+W+56th+St,+New+York,+NY+10019/data=!4m2!4m1!3e2)",0,718-619-4897,0,1.1 mi,0,![Primary Photo - 342 W 56th St](https://images1.apartments.com/i2/h0DTATifRiztCxF38IeGpufrrboRrwWVPfkG26PccOw/110/342-w-56th-st-unit-2-new-york-ny-primary-photo.jpg) ![Columbus Circle Area - 342 W 56th St](https://images1.apartments.com/i2/55Zj9V7wKGHCaQAOIjDbdL5UWmNrJlq05q1XJl0IZ0c/118/342-w-56th-st-unit-2-new-york-ny-columbus-circle-area.jpg) ![Building Photo - 342 W 56th St](https://images1.apartments.com/i2/s7KRI46VNX-mRJZfnoOITFqfOpMq0zhvAkSVsslz_vo/118/342-w-56th-st-unit-2-new-york-ny-building-photo.jpg) ![Building Photo - 342 W 56th St](https://images1.apartments.com/i2/0UVansAgy6qA8cg0cRN6qjre6F6NJaKcQHlT59lMb68/118/342-w-56th-st-unit-2-new-york-ny-building-photo.jpg) ![Building Photo - 342 W 56th St](https://images1.apartments.com/i2/O9b3TXHlEWzTNJs4jUdX7YxobINZlvnMm60x5SnUXck/118/342-w-56th-st-unit-2-new-york-ny-building-photo.jpg) ![Building Photo - 342 W 56th St](https://images1.apartments.com/i2/kLx8xZMzDfLX8pQPyDyR9mxyH2e0Bqm9chwHGSW-tC8/118/342-w-56th-st-unit-2-new-york-ny-building-photo.jpg) ![Building Photo - 342 W 56th St](https://images1.apartments.com/i2/aZmwfVVUsaGwVCBKOab0rRFHhzywOGK8YlzGFL-GMUw/118/342-w-56th-st-unit-2-new-york-ny-building-photo.jpg) ,0,0
[422 East 81st Street #5A](https://streeteasy.com/building/422-east-81-street-manhattan/5a),86.9,"$2,100 ",97,452,75,31,76,* Heat and hot water included. ,5,,0,"422 E 81st St #5A, New York, NY 10028",0,"CALL OUR SUPER, MARY, TO VIEW TODAY! (212)988-2583",0,1.5 mi,0,,0,0
[326 E 35th St Unit 51](https://www.apartments.com/326-e-35th-st-new-york-ny-unit-51/n1vee6p/),86.5,"$2,295 ",95,450,75,30,77,?,5,,0,"[326 E 35th St, New York, NY 10016](https://www.google.com/maps/dir/731+Lexington+Ave,+New+York,+NY+10022/326+E+35th+St,+New+York,+NY+10016/data=!4m2!4m1!3e2)",0,,0,1.5 mi,0,![Primary Photo - 326 E 35th St](https://images1.apartments.com/i2/S2oB96RdZXVF3T7r6nSUbFPg-c5bXXM48mNG7DI8_p4/110/326-e-35th-st-unit-51-new-york-ny-primary-photo.jpg) ![Building Photo - 326 E 35th St](https://images1.apartments.com/i2/MqJDoqLpNhr7rLJbXdJYYOCzbz6zQyQjFc3SCpjaSoA/118/326-e-35th-st-unit-51-new-york-ny-building-photo.jpg) ![Building Photo - 326 E 35th St](https://images1.apartments.com/i2/_MNX9RuCs0ywDa6zqR0PgSY_sbG8xQbd4UCitzaO59U/118/326-e-35th-st-unit-51-new-york-ny-building-photo.jpg) ,0,0
[516 E 79th St Unit 6](https://www.apartments.com/516-e-79th-st-new-york-ny-unit-6/hdvy2f1/),85.8,"$1,775 ",100,400,70,32,75,?,5,,0,"[516 E 79th St, New York, NY 10075](https://www.google.com/maps/dir/731+Lexington+Ave,+New+York,+NY+10022/516+E+79th+St,+New+York,+NY+10075/data=!4m2!4m1!3e2)",0,206-829-3965,0,1.6 mi,0,![Primary Photo - 516 E 79th St](https://images1.apartments.com/i2/nAz96csu5Frp88iqQNjFu-KYrNPWQyN2FsTXNOUo-2I/110/516-e-79th-st-unit-6-new-york-ny-primary-photo.jpg) ![Building Photo - 516 E 79th St](https://images1.apartments.com/i2/tCsDiO2evWYwZETlg6DyDMfzVpS8XjyuC8TYbVwYslo/118/516-e-79th-st-unit-6-new-york-ny-building-photo.jpg) ![Building Photo - 516 E 79th St](https://images1.apartments.com/i2/1ESNTDZYf5oeIG-UYkMLULWiuZRoz0gFdetJXvLmXa4/118/516-e-79th-st-unit-6-new-york-ny-building-photo.jpg) ![Building Photo - 516 E 79th St](https://images1.apartments.com/i2/KqVV9-3Ft113D9YMX0ik-iYiTlU6C7JliQRBPe1tjl8/118/516-e-79th-st-unit-6-new-york-ny-building-photo.jpg) ,0,0
[446 W 54th St Unit 4B](https://www.apartments.com/446-w-54th-st-new-york-ny-unit-4b/2fhyg7c/),85.8,"$2,200 ",96,425,70,28,79,?,5,,0,"[446 W 54th St, New York, NY 10019](https://www.google.com/maps/dir/731+Lexington+Ave,+New+York,+NY+10022/446+W+54th+St,+New+York,+NY+10019/data=!4m2!4m1!3e2)",0,844-405-5152,0,1.4 mi,0,![Primary Photo - 446 W 54th St](https://images1.apartments.com/i2/STnu1KWnM9p8qQnEyxBwErCHZKpaG5DBwwt53v2sWLA/110/446-w-54th-st-unit-4b-new-york-ny-primary-photo.jpg) ![Building Photo - 446 W 54th St](https://images1.apartments.com/i2/GrRddLvWMlcKjqraCU-yNoXOZI-kjkKh-wshc6I77d0/118/446-w-54th-st-unit-4b-new-york-ny-building-photo.jpg) ![Building Photo - 446 W 54th St](https://images1.apartments.com/i2/3vTeWgOtJkqjEVGIPg-4EUPp4-7rFZycvK28kp42gnk/118/446-w-54th-st-unit-4b-new-york-ny-building-photo.jpg) ![Building Photo - 446 W 54th St](https://images1.apartments.com/i2/PPOIcMxBkOlWnWv3-gjLJiDr9Rb0qD0WdgC3hHTH0vU/118/446-w-54th-st-unit-4b-new-york-ny-building-photo.jpg) ![Building Photo - 446 W 54th St](https://images1.apartments.com/i2/QXTpT1TaiJIv9HaJqwKfQ4MuEJCU3tFln5w6dKNkZZE/118/446-w-54th-st-unit-4b-new-york-ny-building-photo.jpg) ,0,0
[9 E 32nd St Unit 6A](https://www.apartments.com/9-e-32nd-st-new-york-ny-unit-6a/ms2kmcl/),85.8,"$2,225 ",96,450,75,33,74,?,5,,0,"[9 E 32nd St, New York, NY 10016](https://www.google.com/maps/dir/731+Lexington+Ave,+New+York,+NY+10022/9+E+32nd+St,+New+York,+NY+10016/data=!4m2!4m1!3e2)",0,929-252-9790,0,1.6 mi,0,![Primary Photo - 9 E 32nd St](https://images1.apartments.com/i2/DBdiQiWkdSzFP_Z67PcWxyulLVhPKNZx03aBlbQoZ1o/110/9-e-32nd-st-unit-6a-new-york-ny-primary-photo.jpg) ![Building Photo - 9 E 32nd St](https://images1.apartments.com/i2/m3dLHERZ7BbmuBQzZPlHmpqEMx6kiUgHHtuXFAPSHO4/118/9-e-32nd-st-unit-6a-new-york-ny-building-photo.jpg) ![Building Photo - 9 E 32nd St](https://images1.apartments.com/i2/oGgdpx4_zw4tWjuEprVfHzLw2Hh4gypL02xhrMayrlw/118/9-e-32nd-st-unit-6a-new-york-ny-building-photo.jpg) ![Building Photo - 9 E 32nd St](https://images1.apartments.com/i2/zGZHfmcvqE0nn7-f3FE4HPtHhcsUegq-RzFcI0ZzzDU/118/9-e-32nd-st-unit-6a-new-york-ny-building-photo.jpg) ![Building Photo - 9 E 32nd St](https://images1.apartments.com/i2/ZJ-gdRe3NNE8ZrlzkoSx6C5Wha4g9nsGkHiO6Sqk3bI/118/9-e-32nd-st-unit-6a-new-york-ny-building-photo.jpg) ![Building Photo - 9 E 32nd St](https://images1.apartments.com/i2/2LGTb_6Sn4BRFG3F3uq9jEqWRNFRY9wC50ZuEJcBmwI/118/9-e-32nd-st-unit-6a-new-york-ny-building-photo.jpg) ,0,0
[402 W 54th St Unit 4B](https://www.apartments.com/402-w-54th-st-new-york-ny-unit-4b/n42s7mp/),82,"$2,000 ",98,330,55,26,81,?,5,,0,"[402 W 54th St, New York, NY 10019](https://www.google.com/maps/dir/731+Lexington+Ave,+New+York,+NY+10022/402+W+54th+St,+New+York,+NY+10019/data=!4m2!4m1!3e2)",0,844-814-4835,0,1.3 mi,0,![Primary Photo - 402 W 54th St](https://images1.apartments.com/i2/XdkATcYnZM-akAN4FXL5b2MC1csDwva1AuDYMzpQrzA/110/402-w-54th-st-unit-4b-new-york-ny-primary-photo.jpg) ![Building Photo - 402 W 54th St](https://images1.apartments.com/i2/paZGCrVsCJx5vSNr88FOgaOLLl47UtzOSBo4SGgWQVQ/118/402-w-54th-st-unit-4b-new-york-ny-building-photo.jpg) ![Building Photo - 402 W 54th St](https://images1.apartments.com/i2/U1Hgo10_p4uIfRsjzKCwiC8aeNt1YQzHbdCtp88IqHY/118/402-w-54th-st-unit-4b-new-york-ny-building-photo.jpg) ![Building Photo - 402 W 54th St](https://images1.apartments.com/i2/ae-ZZPxoYZFscN6XvPS8bDACiUZIXW27MIFbDNcFQRM/118/402-w-54th-st-unit-4b-new-york-ny-building-photo.jpg) ![Building Photo - 402 W 54th St](https://images1.apartments.com/i2/JEx67N3NVlkxPlOzTCEkyRgrrMM7TD0K1kz_mY48SbE/118/402-w-54th-st-unit-4b-new-york-ny-building-photo.jpg) ![Building Photo - 402 W 54th St](https://images1.apartments.com/i2/KBWyVMIEg3Clb7vR929inch2pXIxtvpEsfKn5Hu0JoA/118/402-w-54th-st-unit-4b-new-york-ny-building-photo.jpg) ,0,0
[160 W 73rd St Unit 11e](https://www.apartments.com/160-w-73rd-st-new-york-ny-unit-11e/6x2y28v/),78.9,"$2,500 ",91,350,60,33,74,?,5,,0,"[160 W 73rd St, New York, NY 10023](https://www.google.com/maps/dir/731+Lexington+Ave,+New+York,+NY+10022/160+W+73rd+St,+New+York,+NY+10023/data=!4m2!4m1!3e2)",0,,0,1.6 mi,0,![Primary Photo - 160 W 73rd St](https://images1.apartments.com/i2/ZhVtxwe2TQLoZEQbgiMEMJXZDn0dxldmH1RJhMKxqho/110/160-w-73rd-st-unit-11e-new-york-ny-primary-photo.jpg) ![Building Photo - 160 W 73rd St](https://images1.apartments.com/i2/A0SmNoReZacJ30Yssg4DIDqIIGPGuTsMkx-g9BAl4aI/118/160-w-73rd-st-unit-11e-new-york-ny-building-photo.jpg) ![Building Photo - 160 W 73rd St](https://images1.apartments.com/i2/jiUOv07hU4e37Ldl5n151_E81PHTmz9x3Jf8pBnHjfQ/118/160-w-73rd-st-unit-11e-new-york-ny-building-photo.jpg) ![Building Photo - 160 W 73rd St](https://images1.apartments.com/i2/y9L7X9oydLq_xXPScasNg6A1m5C1NUX9_wtSc-S8IVI/118/160-w-73rd-st-unit-11e-new-york-ny-building-photo.jpg) ,0,0
[340 East 62nd Street #16](https://streeteasy.com/building/340-east-62-street-new_york/16),69.3,"$2,025 ",98,1,1,9,98,* Junior 1 bedroom,5,,0,"340 E 62nd St #16, New York, NY 10065",0,,0,0.4 mi,0,,0,0
[311 E 61st St Unit 9](https://www.apartments.com/311-e-61st-st-new-york-ny-unit-9/654eb2v/),67.5,"$2,495 ",91,1,1,7,100,?,5,,0,"[311 E 61st St, New York, NY 10065](https://www.google.com/maps/dir/731+Lexington+Ave,+New+York,+NY+10022/311+E+61st+St,+New+York,+NY+10065/data=!4m2!4m1!3e2)",0,844-629-6832,0,0.4 mi,0,![Primary Photo - 311 E 61st St](https://images1.apartments.com/i2/ajWNr1FD92Nf151sFQrRAWkEMGagZzCGrrQAVZktnlY/110/311-e-61st-st-unit-9-new-york-ny-primary-photo.jpg) ![Building Photo - 311 E 61st St](https://images1.apartments.com/i2/omcOkJkTLURkObHSpRXrVZAnw5o5vcnaTfvcSJBDQVE/118/311-e-61st-st-unit-9-new-york-ny-building-photo.jpg) ![Building Photo - 311 E 61st St](https://images1.apartments.com/i2/T40bDEsjRF6W6MzwearCEXHtbWw1lhSXcJw1I_M7S5U/118/311-e-61st-st-unit-9-new-york-ny-building-photo.jpg) ![Building Photo - 311 E 61st St](https://images1.apartments.com/i2/K3jXzYZq5gxmHznDTfwroLkPVf6aPVcAh2iLfUiJeVA/118/311-e-61st-st-unit-9-new-york-ny-building-photo.jpg) ![Building Photo - 311 E 61st St](https://images1.apartments.com/i2/vXXbyXgrpPKOLuAR_Mpul1rvjN2YaCSV6rmTrwUR-H4/118/311-e-61st-st-unit-9-new-york-ny-building-photo.jpg) ![Building Photo - 311 E 61st St](https://images1.apartments.com/i2/pk3Kdd8SHqv4lA_ps6iAtUmzCHtM5FRcs5CcrWOV1dk/118/311-e-61st-st-unit-9-new-york-ny-building-photo.jpg) ![Building Photo - 311 E 61st St](https://images1.apartments.com/i2/uVeW2FLrgwLKj_zHYnMq56ABsNmnmicwaSy5-M7A8pA/118/311-e-61st-st-unit-9-new-york-ny-building-photo.jpg) ![Building Photo - 311 E 61st St](https://images1.apartments.com/i2/Gcct8Det_ewQ5zTtdCVd-6o75J-29Izvb_R4suz6g78/118/311-e-61st-st-unit-9-new-york-ny-building-photo.jpg) ![Building Photo - 311 E 61st St](https://images1.apartments.com/i2/VnDFfYSN5c-8ltLRinbc_QLfcCDUI4w1eHcSD866vtc/118/311-e-61st-st-unit-9-new-york-ny-building-photo.jpg) ,0,0
[340 E 55th St Unit 1A](https://www.apartments.com/340-e-55th-st-new-york-ny-unit-1a/yry6k8v/),67.2,"$2,400 ",93,1,1,10,97,?,5,,0,"[340 E 55th St, New York, NY 10022](https://www.google.com/maps/dir/731+Lexington+Ave,+New+York,+NY+10022/340+E+55th+St,+New+York,+NY+10022/data=!4m2!4m1!3e2)",0,844-460-0542,0,0.5 mi,0,![Primary Photo - 340 E 55th St](https://images1.apartments.com/i2/V-cz0h_8RSfwbuoCr29m7lKtc1DgfgO26B5lRkHfzgc/110/340-e-55th-st-unit-1a-new-york-ny-primary-photo.jpg) ![Building Photo - 340 E 55th St](https://images1.apartments.com/i2/vDWCC9RGQEoIvosnBaAOKP_mgSgSicy4mtGCnAScJTw/118/340-e-55th-st-unit-1a-new-york-ny-building-photo.jpg) ![Building Photo - 340 E 55th St](https://images1.apartments.com/i2/QQhGWUwLgWpfUxKzeUouc3tB0Yo4kYD5_uH0jbBpah8/118/340-e-55th-st-unit-1a-new-york-ny-building-photo.jpg) ![Building Photo - 340 E 55th St](https://images1.apartments.com/i2/irNgTEHHGuoXt3HyBP2INN96hZJI929e-OXbIGpLLYU/118/340-e-55th-st-unit-1a-new-york-ny-building-photo.jpg) ![Building Photo - 340 E 55th St](https://images1.apartments.com/i2/TdCDXwAXRWzl1_Xz564bcMQQwJ2GAKKZtIPowtv0-XA/118/340-e-55th-st-unit-1a-new-york-ny-building-photo.jpg) ![Building Photo - 340 E 55th St](https://images1.apartments.com/i2/SwPRdfuiHnAOErR9hzWxkueQQjN43c4wIgbfq1FiJ2g/118/340-e-55th-st-unit-1a-new-york-ny-building-photo.jpg) ,0,0
[405 East 69th Street #5B](https://streeteasy.com/building/405-east-69th-street-new_york/5b),65.8,"$2,140 ",97,1,1,18,89,* Separate kitchen,5,,0,"405 E 69th St #5B, New York, NY 10021",0,,0,0.9 mi,0,,0,0
[247 East 77th Street #2](https://streeteasy.com/building/247-east-77-street-new_york/2),64.4,"$2,100 ",97,1,1,22,85,"* 2nd floor walk-up* Gym?",5,,0,"247 E 77th St, New York, NY 10075",0,,0,1.1 mi,0,,0,0
[1356 First Avenue #5C](https://streeteasy.com/building/1356-1-avenue-manhattan/5c),63.4,"$2,399 ",93,1,1,21,86,"* Pets allowed with pet deposit.* Elevator",5,$25 application,0,"1356 1st Avenue #5C, New York, NY 10021",0,Flexible showing times _ via super .,0,1.0 mi,0,,0,0
[238 E 36th St Unit 1f](https://www.apartments.com/238-e-36th-st-new-york-ny-unit-1f/p50g41r/),62.7,"$2,125 ",97,1,1,27,80,?,5,,0,"[238 E 36th St, New York, NY 10016](https://www.google.com/maps/dir/731+Lexington+Ave,+New+York,+NY+10022/238+E+36th+St,+New+York,+NY+10016/data=!4m2!4m1!3e2)",0,844-443-6888,0,1.3 mi,0,![Primary Photo - 238 E 36th St](https://images1.apartments.com/i2/waVHHOIT6uMwg-Yy2ogm1cJOP1TKJDvWCISycGoMT00/110/238-e-36th-st-unit-1f-new-york-ny-primary-photo.jpg) ![Building Photo - 238 E 36th St](https://images1.apartments.com/i2/ipTDpkXJ4SNvaEsM_w9z9WixlvU9XLZhCxU4xcipGp4/118/238-e-36th-st-unit-1f-new-york-ny-building-photo.jpg) ![Building Photo - 238 E 36th St](https://images1.apartments.com/i2/AoX635O8CtldZ2FiOHBhzy7ggqog9VLSKbqp87Nn3wY/118/238-e-36th-st-unit-1f-new-york-ny-building-photo.jpg) ![Building Photo - 238 E 36th St](https://images1.apartments.com/i2/gm9RffJtNVhm6WUaONNMu6lSXrpOZP2XKuMDw6Mkf1g/118/238-e-36th-st-unit-1f-new-york-ny-building-photo.jpg) ,0,0
[442 W 54th Street #2A](https://streeteasy.com/building/442-west-54-street-manhattan/2a),62.3,"$2,100 ",97,1,1,28,79,"* Hell's Kitchen* Heat and hot water included",5,,0,"442 W 54th St #2A, New York, NY 10019",0,,0,1.3 mi,0,,0,0
[236 E 36th St Unit LE](https://www.apartments.com/236-e-36th-st-new-york-ny-unit-le/5yjd0rq/),62,"$2,325 ",94,1,1,26,81,?,5,,0,"[236 E 36th St, New York, NY 10016](https://www.google.com/maps/dir/731+Lexington+Ave,+New+York,+NY+10022/236+E+36th+St,+New+York,+NY+10016/data=!4m2!4m1!3e2)",0,844-861-1750,0,1.3 mi,0,![Primary Photo - 236 E 36th St](https://images1.apartments.com/i2/-WM7D-mzfHqeNxPGwULU2r2gYRduEXFwjSFWL9QkZCI/110/236-e-36th-st-unit-le-new-york-ny-primary-photo.jpg) ![Building Photo - 236 E 36th St](https://images1.apartments.com/i2/JfBq5hKHtjqLfmMPQSytIj7nOftRhUecGVzyjtZmaXI/118/236-e-36th-st-unit-le-new-york-ny-building-photo.jpg) ![Building Photo - 236 E 36th St](https://images1.apartments.com/i2/Air73nJLIBUrZmYQ7ErpqMDja_gH2TWvSojZ4GiIk_8/118/236-e-36th-st-unit-le-new-york-ny-building-photo.jpg) ,0,0
[232 East 83rd Street #1FE](https://streeteasy.com/building/232-east-83-street-manhattan/1fe),61.7,"$2,295 ",95,1,1,28,79,"* Laundry access in building next door* Dishwasher",5,,0,"232 E 83rd St #1FE, New York, NY 10028",0,,0,1.4 mi,0,,0,0
[330 E 35th Street #4](https://streeteasy.com/building/330-east-35-street-manhattan/4),60.6,"$2,395 ",93,1,1,29,78,"* Separate outdoor space* Dishwasher",5,,0,"330 E 35th St #4, New York, NY 10016",0,Please call the office for access: (212) 228-9300,0,1.4 mi,0,,0,0
[330 E 34th St Unit 21 9](https://www.apartments.com/330-e-34th-st-new-york-ny-unit-21-9/z5862mz/),60.6,"$2,295 ",95,1,1,31,76,?,5,,0,"[330 E 34th St, New York, NY 10016](https://www.google.com/maps/dir/731+Lexington+Ave,+New+York,+NY+10022/330+E+34th+St,+New+York,+NY+10016/data=!4m2!4m1!3e2)",0,,0,1.6 mi,0,![Primary Photo - 330 E 34th St](https://images1.apartments.com/i2/EOKxoOzLcsbkGReIq8ANPNn5qB-Nm5XII5noCsaEunA/110/330-e-34th-st-unit-21-9-new-york-ny-primary-photo.jpg) ![Building Photo - 330 E 34th St](https://images1.apartments.com/i2/EQfY_c83DJMK43cFmaLI0yAoQnGCJcwbJKb1DSwL7ho/118/330-e-34th-st-unit-21-9-new-york-ny-building-photo.jpg) ![Building Photo - 330 E 34th St](https://images1.apartments.com/i2/sp2AAU5IRvhke37t1x5FwhPSqGQLYlbXhQPSehQgn-w/118/330-e-34th-st-unit-21-9-new-york-ny-building-photo.jpg) ![Building Photo - 330 E 34th St](https://images1.apartments.com/i2/-XGDu2KQYSkTnZNex_2n9pVk4G916xKmibHKLGbKLBk/118/330-e-34th-st-unit-21-9-new-york-ny-building-photo.jpg) ,0,0
[330 E 34th St Unit 4 9](https://www.apartments.com/330-e-34th-st-new-york-ny-unit-4-9/68w5g0t/),59.9,"$2,395 ",93,1,1,31,76,?,5,,0,"[330 E 34th St, New York, NY 10016](https://www.google.com/maps/dir/731+Lexington+Ave,+New+York,+NY+10022/330+E+34th+St,+New+York,+NY+10016/data=!4m2!4m1!3e2)",0,,0,1.6 mi,0,![Primary Photo - 330 E 34th St](https://images1.apartments.com/i2/9u8OVg8moydLY7rzSV7ezMFGMNx9CRrRm0dS8N5XcMg/110/330-e-34th-st-unit-4-9-new-york-ny-primary-photo.jpg) ![Building Photo - 330 E 34th St](https://images1.apartments.com/i2/W1dowjfet7YzbQ_VBiTsHPUnwRctXlh-gQH4AX5OVfc/118/330-e-34th-st-unit-4-9-new-york-ny-building-photo.jpg) ![Building Photo - 330 E 34th St](https://images1.apartments.com/i2/-_RQQZnGiPnPcz0O7QPKZg-v5zwR8cFnZ0zKUk67DYs/118/330-e-34th-st-unit-4-9-new-york-ny-building-photo.jpg) ![Building Photo - 330 E 34th St](https://images1.apartments.com/i2/zqIFz7Mw_uCsMFT9aTYzOpMKACQD6UQfdIXN2-oPdOg/118/330-e-34th-st-unit-4-9-new-york-ny-building-photo.jpg) ,0,0
[533 East 81st Street #5K](https://streeteasy.com/building/533-east-81-street-new_york/5k),59.9,"$2,245 ",96,1,1,34,73,* Dishwasher,5,,0,"[533 E 81st St, New York, NY 10028](https://www.google.com/maps/dir/731+Lexington+Ave,+New+York,+NY+10022/533+E+81st+St,+New+York,+NY+10028/data=!4m2!4m1!3e2)",0,,0,1.7 mi,0,,0,0
[299 W 45th St](https://www.apartments.com/299-w-45th-st-new-york-ny/5l5q73n/),59.9,"$2,395 ",93,1,1,31,76,?,5,,0,"[299 W 45th St, New York, NY 10036](https://www.google.com/maps/dir/731+Lexington+Ave,+New+York,+NY+10022/299+W+45th+St,+New+York,+NY+10036/data=!4m2!4m1!3e2)",0,,0,1.5 mi,0,![Primary Photo - 299 W 45th St](https://images1.apartments.com/i2/KjjNCcUjrRlISiNd6DFuAJmrMBlGGj3pG1r4MDcn9ic/110/299-w-45th-st-new-york-ny-primary-photo.jpg) ![Building Photo - 299 W 45th St](https://images1.apartments.com/i2/QB2SyX78GsqpnNQBg0H2TOYCWt_9e7lLoh6SWqb9E_g/118/299-w-45th-st-new-york-ny-building-photo.jpg) ![Building Photo - 299 W 45th St](https://images1.apartments.com/i2/YeKpzNoOSFwlPz9XqQu3Q1n5nX7uWccYqgvBL-u6cAY/118/299-w-45th-st-new-york-ny-building-photo.jpg) ![Building Photo - 299 W 45th St](https://images1.apartments.com/i2/_rIaTg3_MaLrTS6G6kMRcCtN8SQ5gj-v_V3_HKDUG7I/118/299-w-45th-st-new-york-ny-building-photo.jpg) ,0,0
[163 E 92nd St Unit 1](https://www.apartments.com/163-e-92nd-st-new-york-ny-unit-1/64cffds/),58.5,"$2,395 ",93,1,1,35,72,?,5,,0,"[163 E 92nd St, New York, NY 10128](https://www.google.com/maps/dir/731+Lexington+Ave,+New+York,+NY+10022/163+E+92nd+St,+New+York,+NY+10128/data=!4m2!4m1!3e2)",0,844-827-9185,0,1.7 mi,0,![Primary Photo - 163 E 92nd St](https://images1.apartments.com/i2/UJXwo028Au_8v523aJklyX98Wo9JyNJ5tbNeDOTiAWk/110/163-e-92nd-st-unit-1-new-york-ny-primary-photo.jpg) ![Building Photo - 163 E 92nd St](https://images1.apartments.com/i2/hNbVpWmZ9cSEHBBOPssXc_-p79tU7aiX4-CgSr6eFiI/118/163-e-92nd-st-unit-1-new-york-ny-building-photo.jpg) ![Building Photo - 163 E 92nd St](https://images1.apartments.com/i2/GPLJG0DYb-kUKjoZqoji-gbcZO-me4j-d-B7zLVrlpc/118/163-e-92nd-st-unit-1-new-york-ny-building-photo.jpg) ![Building Photo - 163 E 92nd St](https://images1.apartments.com/i2/NkNZJO20zNaxIRXDLmOtES4Nk81ZHw-QdDa7uApuHb8/118/163-e-92nd-st-unit-1-new-york-ny-building-photo.jpg) ![Building Photo - 163 E 92nd St](https://images1.apartments.com/i2/wgFQAu30YWiZxzafX0zJx70MW334xnSTHd30TD9qxS4/118/163-e-92nd-st-unit-1-new-york-ny-building-photo.jpg) ![Building Photo - 163 E 92nd St](https://images1.apartments.com/i2/EKKx1j6hRNE8_k83zvVW2qQAn6ZOgstLGp3W0gtj41U/118/163-e-92nd-st-unit-1-new-york-ny-building-photo.jpg) ,0,0
[163 E 92nd St Unit 01](https://www.apartments.com/163-e-92nd-st-new-york-ny-unit-01/9z0dyz6/),58.5,"$2,395 ",93,1,1,35,72,?,5,,0,"[163 E 92nd St, New York, NY 10128](https://www.google.com/maps/dir/731+Lexington+Ave,+New+York,+NY+10022/163+E+92nd+St,+New+York,+NY+10128/data=!4m2!4m1!3e2)",0,855-747-1527,0,1.7 mi,0,![Primary Photo - 163 E 92nd St](https://images1.apartments.com/i2/mX80QOeLnj0i8S2uVrMkeL6ifk0d6mSHt3a1ViQspxQ/110/163-e-92nd-st-unit-01-new-york-ny-primary-photo.jpg) ![Building Photo - 163 E 92nd St](https://images1.apartments.com/i2/lTJ5O_frQNoPinyrFwPhUBUkpy-JchT3g6OqxvREmY8/118/163-e-92nd-st-unit-01-new-york-ny-building-photo.jpg) ![Building Photo - 163 E 92nd St](https://images1.apartments.com/i2/bn5VlJ-y5C5vfGSwY2WMGvQIXArHMA-lt_gAu-3aEW0/118/163-e-92nd-st-unit-01-new-york-ny-building-photo.jpg) ![Building Photo - 163 E 92nd St](https://images1.apartments.com/i2/E0EDEy32vq7tZRsn7N0C_RQJd4ppc4jzFSnMVGdoXKg/118/163-e-92nd-st-unit-01-new-york-ny-building-photo.jpg) ,0,0
[519 East 82nd Street #2C](https://streeteasy.com/building/519-east-82-street-new_york/2c),57.7,"$2,350 ",94,1,1,35,72,"* Cat permitted & 1 dog considered* Decorative brick fireplace* Heat & hot water included.* Enjoy the 12th month free on a 12 month lease, based on applicant taking occupancy within 12 days from submitting the application. (Net Effective Rent $2154.17)",1,,0,519 East 82nd Street,0,"Come to our leasing office which is located @ 511 East 78th Street. Showing hours to access ALL of our units: Mon-Thurs : 10:00am _ 6:30pm Friday: 9:00am _ 4:00pm Sat-Sun: 10:00am _ 1:30pm",0,1.7 mi,0,,0,0
[440 East 85th Street #3H](https://streeteasy.com/building/440-east-85-street-new_york/3h),57.2,"$2,600 ",90,1,1,36,71,"* Elevator* Discounted membership to New York Health & Racquet Club* Net rent advertised ($2395) reflects 1 month free.",5,,0,"440 E 85th St #3H, New York, NY 10028",0,,0,1.7 mi,0,,0,0
[342 E 55th St](https://www.apartments.com/342-e-55th-st-new-york-ny/hlz40w1/),31.1,"$2,500 ",91,600,90,11,96,* Convertible 1 BR,-205,,0,"[342 E 55th St, New York, NY 10022](https://www.google.com/maps/dir/731+Lexington+Ave,+New+York,+NY+10022/342+E+55th+St,+New+York,+NY+10022/data=!4m2!4m1!3e2)",0,,0,0.5 mi,0,![Primary Photo - 342 E 55th St](https://images1.apartments.com/i2/7VKeGOWbeDk6Ofu04zNljWU4Izj_ahGNOjIFRydywGY/110/342-e-55th-st-new-york-ny-primary-photo.jpg) ![Building Photo - 342 E 55th St](https://images1.apartments.com/i2/MbAZhtflWWbQ2VTqpFbjaQcCEKggYseETYJ85-vcqcM/118/342-e-55th-st-new-york-ny-building-photo.jpg) ![Building Photo - 342 E 55th St](https://images1.apartments.com/i2/SvkOKcG7bBrnRDFgarAmLWNu8h014yvv29c-e0skVTg/118/342-e-55th-st-new-york-ny-building-photo.jpg) ![Building Photo - 342 E 55th St](https://images1.apartments.com/i2/M7MssM0kRK9uFspYOk6ethVWCR2JTsL4_PS6bJM99Vo/118/342-e-55th-st-new-york-ny-building-photo.jpg) ![Building Photo - 342 E 55th St](https://images1.apartments.com/i2/fwDkaip8yTufeNsChACD6l4Y1uVKNA0XL_OqIC41YdQ/118/342-e-55th-st-new-york-ny-building-photo.jpg) ,0,-150
[444 E 81st St](https://gzbnyc.com/rentals/property/22498.html),5,"$2,195 ",5,1,5,32,5,"* Dishwasher* Might not have laundry* Building has garden",5,"NOT a ""no fee"" listing",0,"444 E 81st St, New York, NY 10028",0,meir@gzbnyc.com,0,1.6 mi,0,,0,0
[440 E 78th St #6H](https://gzbnyc.com/rentals/property/23912.html),5,"$2,300 ",5,750,5,28,5,"* Elevator* Dishwasher* Central AC* Might have W/D* Building has garden",5,,0,"440 E 78th St, New York, NY 10075",0,meir@gzbnyc.com,0,1.4 mi,0,,0,0
[419 E 82nd St #4C](https://gzbnyc.com/rentals/property/22786.html),5,"$2,500 ",5,550,5,32,5,"* Elevator* Dishwasher* Central AC* Might have W/D",5,,0,"419 E 82nd St, New York, NY 10028",0,meir@gzbnyc.com,0,1.6 mi,0,,0,0
[221 E 33rd St #6C](,5,"$2,500 ",5,1,5,28,5,"* Elevator* Dishwasher* Central AC* Might have W/D",5,,0,"221 E 33rd St, New York, NY 10016",0,meir@gzbnyc.com,0,1.4 mi,0,,0,0
[513 E 82nd St #1D](https://gzbnyc.com/rentals/property/23180.html),5,"$2,200 ",5,1,5,35,5,"* Dishwasher* Central AC* Might have W/D",5,,0," 513 E 82nd St, New York, NY 10028",0,meir@gzbnyc.com,0,1.7 mi,0,,0,0
[444 E 78th St #17](https://gzbnyc.com/rentals/property/23344.html),5,"$1,995 ",5,850,5,29,5,* Central AC,5,,0,"444 E 78th St, New York, NY 10075",0,meir@gzbnyc.com,0,1.4 mi,0,,0,0